titre,auteur.nom,prix
Zack and Miri Make a movie,,"71,69"
Sparrows,,"23,86"
Thin Ice,,"24,13"
"Nanny Diaries, The",,"73,63"
"Amelie (Fabuleux destin d'Amlie Poulain, Le)",,"72,10"
People on Sunday (Menschen am Sonntag),,"73,87"
XXY,,"74,91"
Contract Killers,,"19,64"
6 Bullets,,"76,01"
Lucky Break,,"81,76"
Pluto's Christmas Tree,,"89,86"
Romy and Michele: In the Beginning,,"46,55"
Jay-Z: Made in America,,"40,31"
"Underground Comedy Movie, The",,"48,42"
Campfire Tales,,"78,63"
At Midnight I'll Take Your Soul (a Meia-Noite Levarei Sua Alma),,"47,82"
Honeymoon,,"16,86"
R.S.V.P. ,,"69,23"
It Might Get Loud,,"40,27"
Combien Tu M'aimes? (How Much Do You Love Me?),,"56,30"
For Love or Country: The Arturo Sandoval Story,,"11,76"
"Ugly Duckling and Me!, The",,"50,10"
Iris,,"45,27"
"Place Beyond the Pines, The",,"80,94"
Thunder Rock,,"36,56"
Castles in the Sky,,"40,60"
Aaltra,,"96,46"
Safe Men,,"67,16"
Longtime Companion,,"63,73"
Our Fathers,,"81,13"
Jim Jefferies: Fully Functional (EPIX),,"67,87"
Blind,,"36,98"
Far from Home,,"78,44"
Memphis Belle,,"47,05"
Nature Calls,,"48,92"
Copying Beethoven,,"69,38"
Harmony and Me,,"44,32"
Crooks in Clover (a.k.a. Monsi Gangster) (Les tontons flingus),,"31,80"
Fightville,,"72,55"
Biloxi Blues,,"38,61"
Love's Deadly Triangle: The Texas Cadet Murder,,"18,74"
Patema Inverted,,"92,97"
Gung Ho! (Gung Ho!: The Story of Carlson's Makin Island Raiders),,"92,47"
"Loveless, The (Breakdown)",,"60,31"
High School,,"61,68"
Korso,,"76,14"
Song of the South,,"39,39"
Nim's Island,,"75,09"
Peanuts - Die Bank zahlt alles,,"77,38"
Eloise at Christmastime,,"49,25"
"Emperor Waltz, The",,"44,40"
The Cheat,,"80,17"
In Time,,"76,90"
Bilitis,,"60,09"
Invasion of Astro-Monster (Godzilla vs. Monster Zero) (Kaija daisensa),,"15,20"
Video Games: The Movie,,"18,77"
"Condemned, The",,"24,95"
Outrage (Autoreiji),,"31,05"
Moonlight Serenade,,"39,94"
Good Advice,,"34,77"
Crazy Beautiful You,,"48,03"
Nurse 3D,,"19,76"
Brave New World,,"73,77"
Prayers for Bobby,,"82,22"
"River Why, The",,"12,58"
Skies Above the Landscape (Nebo iznad krajolika),,"69,58"
"Mysterious Geographic Explorations of Jasper Morello, The",,"44,11"
I Was A Communist for the FBI,,"63,73"
"Titfield Thunderbolt, The",,"56,07"
"Shout, The",,"78,76"
"Die Bademeister – Weiber, saufen, Leben retten",,"28,95"
"Wankers, The (Les branleuses)",,"75,03"
The Virginian,,"86,99"
Cop and ½,,"90,89"
Wyoming Renegades,,"91,96"
"Big Heat, The",,"76,60"
Shooting Dogs (a.k.a. Beyond the Gates),,"63,21"
Turistas,,"11,08"
Earth to Echo,,"84,28"
"Love Nest, The",,"17,67"
Trippin',,"81,80"
"Night in Casablanca, A",,"89,20"
"Last Temptation of Christ, The",,"24,57"
Don't Be a Menace to South Central While Drinking Your Juice in the Hood,,"20,68"
Hell to Eternity,,"24,29"
"Serious Man, A",,"14,40"
"Lonely Passion of Judith Hearne, The",,"21,06"
"Few Good Men, A",,"97,60"
Bright Leaves,,"98,37"
"Otra Familia, La",,"34,24"
Becket,,"55,84"
Mission Congo,,"53,45"
Think Like a Man,,"30,65"
Little Lili (La petite Lili),,"97,96"
"Girl, The",,"68,33"
Bomb It,,"62,71"
"Deceivers, The",,"16,78"
Off Beat,,"74,67"
"Riddle of the Sands, The",,"17,20"
"Silence of the Lambs, The",,"65,30"
"Dust Factory, The",,"86,00"
Wrong Turn 5: Bloodlines,,"41,11"
Enchantment,,"43,07"
Homefront,,"11,89"
Smoke Signals,,"32,16"
Dennis the Menace,,"27,02"
"World, The (Shijie)",,"53,40"
Gray Lady Down,,"98,32"
Michael Laudrup - en Fodboldspiller,,"11,60"
"Fort Apache, the Bronx",,"22,49"
Ararat,,"73,65"
Geography Club,,"73,14"
"Good German, The",,"30,95"
Dracula Has Risen from the Grave,,"27,90"
Hands Over the City (Le mani sulla citta),,"54,94"
Accattone,,"51,71"
"Ballad of Narayama, The (Narayama bushiko)",,"70,66"
Clandestine Childhood,,"21,57"
Mega Shark vs. Giant Octopus,,"63,72"
"Batman: The Dark Knight Returns, Part 2",,"89,94"
Plaza Suite,,"29,17"
Green Tea (La cha),,"42,31"
Machine Gun Kelly,,"13,36"
All the Colors of the Dark,,"96,83"
"Ah of Life, The",,"90,05"
Bright Young Things,,"24,50"
Miss Congeniality,,"61,11"
"Tuesday, After Christmas (Marti, dupa craciun)",,"72,28"
101 Dalmatians,,"89,02"
Heathers,,"33,67"
"Adventures of Elmo in Grouchland, The",,"30,18"
Trapped in Paradise,,"31,38"
Barefoot in the Park,,"76,72"
Educating Rita,,"78,31"
Night at the Museum: Secret of the Tomb,,"88,76"
Revolver,,"68,84"
"Cat from Outer Space, The",,"14,74"
Ana and the Others (Ana y los otros),,"84,21"
Disorganized Crime,,"57,94"
Our Music (Notre musique),,"85,55"
Out of Reach,,"53,33"
Amazon Jack 2: The Movie Star (a.k.a. Hugo the Movie Star) (Jungledyret 2 - den store filmhelt),,"93,32"
Land and Freedom (Tierra y libertad),,"76,94"
Prayers for Bobby,,"81,92"
War of the Wildcats (In Old Oklahoma),,"63,67"
"Lion King II: Simba's Pride, The",,"47,26"
Valhalla Rising,,"51,63"
Unprecedented: The 2000 Presidential Election,,"96,91"
Arachnophobia,,"72,95"
Born to Kill,,"52,79"
Dancing Lady,,"24,74"
Take Me Home Tonight,,"55,33"
Everything,,"75,87"
Freud: The Secret Passion,,"90,19"
"Eddy Duchin Story, The",,"29,06"
Bombay Beach,,"45,80"
Desert Blue,,"90,22"
Step Up All In,,"94,13"
Season's Greetings,,"28,21"
Weekend at Bernie's,,"94,49"
Road Kill (a.k.a. Road Train),,"64,05"
Sandra of a Thousand Delights (Vaghe stelle dell'Orsa...),,"91,71"
Double Solitaire,,"42,39"
Body of Water (Syvalle salattu),,"50,71"
Our Fathers,,"79,90"
Charlie Chan at Monte Carlo,,"50,56"
Hector and the Search for Happiness,,"33,08"
Three Men and a Cradle (3 hommes et un couffin),,"89,70"
Chapter 27,,"76,30"
American Crude,,"24,59"
"Wool Cap, The",,"73,97"
Ride Beyond Vengeance,,"90,00"
Where's Poppa?,,"39,41"
"Law of Desire (Ley del deseo, La)",,"17,77"
Mad Ron's Prevues from Hell,,"52,04"
"Underground Comedy Movie, The",,"46,39"
Labyrinth of Lies,,"36,86"
"Robber, The (Der Rauber)",,"82,74"
"Misadventures of Margaret, The",,"84,13"
Land of Silence and Darkness (Land des Schweigens und der Dunkelheit),,"45,11"
Night of the Comet,,"24,80"
Gold Diggers of 1937,,"72,41"
"Trust Us, This Is All Made Up",,"25,96"
Miss Sadie Thompson,,"77,30"
Deep Red (Profondo rosso),,"19,18"
Cops,,"32,82"
Blown Away,,"15,09"
Rabbit Without Ears (Keinohrhasen),,"85,78"
Arsenic and Old Lace,,"68,31"
Buddy,,"10,75"
"Namesake, The",,"31,42"
Permanent Midnight,,"35,67"
Simple Simon (I rymden finns inga kanslor),,"30,62"
Mega Shark vs. Crocosaurus,,"23,80"
Speak,,"84,15"
Love at First Bite,,"40,08"
Just Between Friends,,"92,14"
"Overcoat, The (Il cappotto)",,"20,88"
Comme les 5 doigts de la main,,"13,41"
"Shining, The",,"94,21"
"Blue Max, The",,"34,50"
A Promise,,"81,79"
"Wrong Man, The",,"21,80"
Linewatch,,"24,79"
Fetishes,,"96,50"
Lake City,,"63,71"
"Man from London, The (A Londoni frfi)",,"80,35"
"War You Don't See, The",,"98,95"
Fatty and Mabel Adrift,,"17,41"
"Guns of Navarone, The",,"94,40"
Our Man Flint,,"88,63"
"Messenger, The",,"93,91"
"Dark Horse, The",,"34,31"
Dark Island,,"86,99"
Jackass Presents: Bad Grandpa,,"16,63"
Different from the Others (Anders als die Andern),,"13,26"
Disorganized Crime,,"90,57"
Breaking News (Daai si gin),,"35,33"
Blubberella,,"92,42"
Dead Men Walk,,"55,91"
Game of Werewolves,,"56,77"
What About Bob?,,"70,79"
Mohabbatein,,"66,20"
Outside Ozona,,"48,49"
"Dupes, The (Al-makhdu'un)",,"15,87"
Meet Joe Black,,"29,60"
May 18 (Hwaryeohan hyuga),,"58,49"
Ben-Hur: A Tale of the Christ,,"65,66"
"Young One, The",,"75,72"
"Yellow Handkerchief, The",,"23,14"
"Blossoming of Maximo Oliveros, The (Ang pagdadalaga ni Maximo Oliveros)",,"74,54"
Blind Date,,"64,07"
Un Piede in paradiso,,"62,13"
Zuzu Angel,,"29,92"
Pardes,,"17,85"
Crush,,"11,90"
Dancemaker,,"89,28"
Eastern Drift (Indigne d'asie),,"55,36"
King Kong Escapes (Kingu Kongu no gyakusha),,"27,71"
"Ghost Breakers, The",,"72,13"
Without Bias (a.k.a. Len Bias),,"64,24"
Disney Princess Collection: Jasmine's Enchanted Tales: Jasmine's Wish,,"55,44"
Crazy Sexy Cancer,,"42,70"
"Cool Ones, The",,"33,37"
"Northerners, The (De noorderlingen)",,"95,88"
Sense & Sensibility,,"24,32"
"Mudlark, The",,"26,69"
Ten Minutes Older: The Cello,,"34,64"
"Time for Killing, A",,"50,82"
8 Seconds,,"41,95"
"Adventures of Picasso, The (Picassos aventyr)",,"44,82"
"End of St. Petersburg, The (Konets Sankt-Peterburga)",,"77,60"
Cremaster 3,,"31,67"
Holiday,,"44,72"
Lady Be Good,,"96,92"
Human Desire,,"60,71"
So Much So Fast,,"73,10"
"Mermaid, The (Rusalka)",,"47,38"
Crime Wave,,"22,60"
Looking for Richard,,"21,21"
Divorce - Italian Style (Divorzio all'italiana),,"87,22"
Dark City,,"30,18"
Hello Herman,,"43,99"
Beautiful Boy,,"30,59"
"Eye, The",,"22,02"
Down From the Mountain,,"39,50"
"Dark Mirror, The",,"79,13"
Star Wars: Episode IV - A New Hope,,"36,51"
Dick Figures: The Movie,,"27,52"
Hallelujah I'm a Bum,,"87,86"
Help!,,"72,19"
Hunger (Sult),,"45,91"
Science and Islam,,"36,80"
When You're Strange,,"10,02"
"Country Girl, The",,"76,58"
One Kill,,"24,01"
In Praise of Love (aloge de l'amour),,"21,23"
Changeling,,"79,88"
Capricorn One,,"17,70"
"Road Warrior, The (Mad Max 2)",,"40,46"
"Barkleys of Broadway, The",,"24,96"
"Signal, The (Seaal, La)",,"22,72"
"Last Time I Saw Archie, The",,"19,08"
Abduction,,"95,55"
Puppet Master vs. Demonic Toys (Puppet Master 9),,"19,31"
Sleepers,,"94,04"
Lemora: A Child's Tale of the Supernatural,,"65,18"
Casino Royale,,"77,64"
This Island Earth,,"62,67"
LOL (Laughing Out Loud),,"55,02"
23 (23 - Nichts ist so wie es scheint),,"11,58"
Henry Kissinger: Secrets of a Superpower (Henry Kissinger - Geheimnisse einer Supermacht),,"51,14"
Phantom of the Paradise,,"65,94"
Butterfly Kiss,,"18,87"
Most Wanted,,"47,88"
After Alice (Eye of the Killer),,"20,12"
"Star Is Born, A",,"40,79"
Bait,,"10,57"
"Surgeon, The",,"68,12"
"Better Life, A",,"78,95"
The Hungover Games,,"35,27"
Little Fugitive,,"33,05"
Lie with Me,,"43,01"
M. Butterfly,,"26,03"
Jezebel,,"75,09"
A Matador's Mistress,,"79,09"
Tattooed Life (Irezumi ichidai),,"73,03"
Bronco Billy,,"73,36"
"Steel Trap, The",,"23,56"
Garden State,,"44,87"
Father of the Bride,,"96,49"
Ladies They Talk About,,"63,30"
Salaam-E-Ishq,,"78,36"
"Bachelor, The",,"70,69"
"20,000 Leagues Under the Sea",,"16,28"
"Return of Mod Squad, The",,"34,62"
"Wayward Cloud, The (Tian bian yi duo yun)",,"51,82"
Prom,,"93,63"
Oldboy,,"31,09"
In the Midst of Life (Au co de la vie),,"46,34"
Forever Amber,,"41,21"
Siegfried & Roy: The Magic Box,,"41,05"
Ararat,,"71,78"
Subway,,"57,26"
Once in a Lifetime: The Extraordinary Story of the New York Cosmos,,"22,29"
Warren Oates: Across the Border,,"34,36"
When Will I Be Loved,,"18,21"
"Killers, The",,"71,45"
"Sorcerer and the White Snake, The (Bai she chuan shuo)",,"93,76"
Grand Theft Auto,,"19,00"
Bill Hicks: Relentless,,"15,82"
Free Willy 3: The Rescue,,"28,22"
Cargo,,"82,39"
Trade,,"53,26"
Through and Through (Na wylot),,"17,22"
"Lathe of Heaven, The",,"80,72"
Beastly,,"81,58"
She's All That,,"57,89"
Edie & Pen,,"69,84"
Shutter Island,,"54,13"
Taxi 4,,"47,54"
Wisconsin Death Trip,,"98,92"
"To Have, or Not (En avoir (ou pas))",,"51,13"
Love Meetings (Comizi d'amore),,"65,40"
"Great Bank Hoax, The",,"75,51"
Hitler's Children,,"83,68"
Season of the Witch,,"88,28"
Babar The Movie,,"43,20"
Buddy,,"36,18"
Solino,,"26,22"
Biker Boyz,,"26,48"
There's Always Tomorrow,,"86,70"
"House of the Devil, The",,"96,78"
Misconception,,"49,82"
Blood Work,,"17,36"
"Vampire Bat, The",,"35,29"
Puzzlehead,,"62,83"
"Danger! 50,000 Zombies",,"16,82"
Miss Congeniality,,"26,00"
Philomena,,"34,23"
"Man with No Shadow, The (Homme sans ombre, L')",,"23,53"
"Help, The",,"15,69"
Troubled Water (DeUsynlige),,"66,99"
Orchestra Wives,,"11,21"
Presidentintekijat,,"96,11"
Dr. Terror's House of Horrors,,"56,45"
Fire-Eater (Tulennielija),,"34,47"
Deadly Circuit (Mortelle randonne),,"47,93"
Such a Long Journey,,"39,56"
Jar City (Marin),,"23,66"
Amorosa,,"83,17"
Before the Rain (Pred dozhdot),,"68,20"
Voices of Iraq,,"85,59"
"Grace Lee Project, The",,"33,98"
Chato's Land,,"69,82"
"Swarm, The",,"74,87"
Flash Gordon Conquers the Universe,,"37,24"
Celeste and Jesse Forever (Celeste & Jesse Forever),,"18,59"
Small Time,,"42,77"
"Killing of America, The",,"92,46"
Bleak Night,,"68,26"
Hopscotch,,"27,81"
Kalifornia,,"13,16"
The Deep Six,,"33,10"
Blood and Wine (Blood & Wine),,"66,36"
Chronicle of a Summer (Chronique d'un t),,"35,32"
Thr3e (Three),,"42,88"
Richard Pryor: Live in Concert,,"43,18"
Straight from the Heart,,"89,27"
Foodfight!,,"70,99"
Frisk,,"13,39"
Stalag 17,,"42,39"
Sherlock Holmes: Dressed to Kill,,"41,44"
Trancers II,,"11,79"
Mary of Scotland,,"85,61"
Onionhead,,"94,46"
Warrior,,"11,34"
Halloweentown II: Kalabar's Revenge,,"97,08"
Alexandria... Why? (Iskanderija... lih?),,"74,05"
LennoNYC,,"76,34"
"I Want a Dog for Christmas, Charlie Brown",,"90,31"
Actresses (Actrices),,"68,56"
Out of Time,,"35,15"
"Master of Disguise, The",,"33,15"
Blackthorn,,"21,93"
Charly,,"79,43"
Christiane F. (a.k.a. We Children from Bahnhof Zoo) (Christiane F. - Wir Kinder vom Bahnhof Zoo),,"78,17"
Alligator Eyes,,"66,68"
Pahat pojat,,"75,11"
Love Crime (Crime d'amour),,"39,51"
Blue Blood,,"21,32"
"Young Master, The (Shi di chu ma)",,"23,76"
Ghost Machine,,"10,23"
Bloodtide,,"82,22"
Paradise Alley,,"58,41"
When Nietzsche Wept,,"25,67"
Elvis,,"47,37"
Love is God,,"74,36"
"World Unseen, The",,"97,63"
"Dungeonmaster, The",,"84,28"
"Way I Spent the End of the World, The (Cum mi-am petrecut sfarsitul lumii)",,"32,08"
"Friend of Mine, A (Ein Freund von mir)",,"77,94"
War and Peace (Jang Aur Aman),,"42,14"
Little Women,,"52,53"
Runaway Bride,,"45,00"
"Blackout, The",,"21,75"
Repast (Meshi),,"60,57"
Old Dogs,,"45,70"
Dragon: The Bruce Lee Story,,"98,52"
"Matrix Reloaded, The",,"84,77"
"Incredibles, The",,"11,13"
"Master of Ballantrae, The",,"10,03"
Black Tights (1-2-3-4 ou Les Collants noirs),,"70,89"
Dodgeball: A True Underdog Story,,"81,63"
Accident,,"88,20"
Barry Lyndon,,"27,36"
Nothing to Declare (Rien a dclarer),,"37,47"
Tango Kabaree,,"79,48"
Deadly Advice,,"11,15"
"Adventures of the Wilderness Family, The",,"84,25"
American Wedding (American Pie 3),,"26,18"
Z,,"42,04"
Vanya on 42nd Street,,"59,39"
Orpheus (Orphe),,"16,92"
Marnie,,"84,92"
Let's Make Money,,"66,24"
"Magnetic Monster, The",,"44,69"
Soul Surfer,,"68,82"
"Canterbury Tales, The (I racconti di Canterbury)",,"81,94"
Make Your Move,,"11,19"
Rudolph the Red-Nosed Reindeer: The Movie,,"61,44"
All Over the Guy,,"32,46"
"Golden Child, The",,"78,42"
Restless Natives,,"19,58"
Animal Kingdom,,"58,70"
Where Is the Friend's Home? (Where Is My Friend's House?) (Khane-ye doust kodjast?),,"40,53"
The Big One: The Great Los Angeles Earthquake,,"16,72"
"Carabineers, The (Carabiniers, Les)",,"40,49"
Only Old Men Are Going to Battle (V boy idut odni stariki),,"33,18"
"New York Ripper, The (Squartatore di New York, Lo)",,"92,65"
"White Dwarf, The (Valkoinen kaapiae)",,"67,54"
Belles on Their Toes,,"22,04"
Megacities,,"11,72"
Sisters of the Gion (Gion no shimai),,"22,01"
St. Elmo's Fire,,"28,40"
Happy Feet,,"54,02"
Miss Bala,,"14,93"
Frozen,,"38,27"
Peyton Place,,"59,91"
Jupiter Ascending,,"67,71"
Special Correspondents (Envoys trs spciaux),,"72,47"
Lord of the Flies,,"97,71"
Unthinkable,,"25,84"
Dunston Checks In,,"26,83"
Double Take,,"24,02"
Bliss (Mutluluk),,"44,45"
"Old Lady Who Walked in the Sea, The (Vieille qui marchait dans la mer, La)",,"12,11"
Four more years (Fyra or till),,"30,84"
Winnebago Man,,"72,67"
"Wayward Cloud, The (Tian bian yi duo yun)",,"46,16"
In Her Shoes,,"44,60"
Panama Hattie,,"75,30"
"Con, The",,"52,69"
Leprechaun 4: In Space,,"54,72"
"Truth About Cats & Dogs, The",,"29,12"
Three Way,,"61,83"
Bullitt,,"64,90"
Bamako,,"32,53"
What to Expect When You're Expecting,,"80,87"
"Signal, The",,"12,92"
Films to Keep You Awake: The Christmas Tale (Pelaculas para no dormir: Cuento de navidad),,"68,76"
Welcome to L.A.,,"39,65"
"Young Lieutenant, The (Le petit lieutenant)",,"23,12"
Like You Know It All (Jal aljido mothamyeonseo),,"51,55"
State of Grace,,"38,70"
Charlie Chan in Paris,,"37,06"
Fist of the North Star,,"62,53"
Ten Tall Men,,"42,98"
Four Eyes and Six-Guns,,"44,87"
"Fighter, The",,"39,16"
Charlie's Country,,"66,46"
"Captive, The (La captive)",,"69,96"
Crazy Horse,,"11,00"
As We Were Dreaming,,"24,06"
Asterix in America (a.k.a Asterix Conquers America) (Astrix et les Indiens),,"51,55"
"State of Things, The (Stand der Dinge, Der)",,"30,44"
"Black Cauldron, The",,"20,15"
Africa: Texas Style,,"51,32"
"Descent: Part 2, The",,"41,66"
Tommy,,"54,65"
Mad City,,"26,47"
12 Days of Terror,,"19,23"
The Last Farm,,"14,01"
Passenger Side,,"71,98"
Absurdistan,,"78,26"
Stormheart,,"80,67"
Rick,,"92,35"
"Girl, The (Flickan)",,"85,27"
Gumshoe,,"69,88"
Bound by Flesh ,,"71,45"
Alpha and Omega 2: A Howl-iday Adventure (Alpha & Omega 2),,"38,88"
"Slammin' Salmon, The",,"69,45"
After the Reconciliation (Aprs la rconciliation),,"52,29"
"Alien Predator (Mutant II) (Falling, The)",,"77,58"
Afterwards,,"24,38"
"Truth, The ",,"63,52"
Once Upon a Time... When We Were Colored,,"21,37"
9th Company,,"25,64"
The Virginian,,"49,43"
"Birdsong (Cant dels ocells, El)",,"59,42"
Kick-Ass,,"47,64"
We Don't Live Here Anymore,,"12,14"
Freakonomics,,"87,04"
"Marseillaise, La",,"31,95"
"Dangerous Woman, A",,"38,39"
Virgin Stripped Bare by Her Bachelors (Oh! Soo-jung),,"15,53"
Just Like Us,,"79,13"
Bobcat Goldthwait: You Don't Look the Same Either,,"47,15"
Stash House,,"96,89"
Wonder Boys,,"51,80"
Attila (Attila the Hun),,"46,43"
Dinoshark,,"82,47"
Rosetta,,"24,11"
Black Widow,,"52,48"
Santa with Muscles,,"34,19"
"Creation of the Humanoids, The",,"89,75"
Shaolin Temple 3: Martial Arts of Shaolin (Nan bei Shao Lin) (Martial Arts of Shaolin),,"90,63"
Johnny 100 Pesos (Johnny cien pesos),,"27,06"
Steamboy (Suchamubai),,"17,34"
Mother Joan of the Angels (Matka Joanna od aniolaw),,"17,82"
Body of War,,"10,23"
Fire and Ice,,"33,12"
You're Not You,,"70,72"
"Pig's Tale, A",,"98,11"
Idle Mist (Vana Espuma),,"10,43"
"Color of Money, The",,"14,17"
Bodyguards and Assassins,,"16,02"
Zatoichi in Desperation (Shin Zataichi monogatari: Oreta tsue) (Zataichi 24),,"92,60"
Unhook the Stars,,"74,63"
Malcolm X,,"14,38"
Chapter Two,,"71,82"
White Palace,,"41,14"
Halloween,,"41,03"
Paranormal Activity: The Marked Ones,,"60,58"
Shotgun Stories,,"82,86"
Power (Jew Sass),,"81,49"
The Devil and the Holy Water,,"69,91"
"Shopworn Angel, The",,"17,29"
Leave The World Behind,,"22,15"
When Marnie Was There,,"98,48"
"Bag Man, The",,"17,83"
Dredd,,"69,49"
Jackass 3.5,,"39,70"
Girls Will Be Girls,,"15,24"
Nocturna Artificialia,,"38,12"
Bikes vs Cars,,"12,96"
Don't Drink the Water,,"83,95"
Chicago Joe and the Showgirl,,"83,89"
"Princess of Montpensier, The (La princesse de Montpensier)",,"98,27"
When Nietzsche Wept,,"78,21"
"Town, The",,"49,85"
Disaster Movie,,"57,15"
Secrets of the Tribe,,"89,65"
Johnny English,,"41,24"
Cry Baby Lane,,"45,12"
"Century of Cinema, A",,"21,77"
Ink,,"11,55"
Ocean's Eleven,,"76,41"
Into the Deep,,"68,24"
Tango Kabaree,,"77,07"
Gregory Go Boom,,"74,48"
All About Lily Chou-Chou (Riri Shushu no subete),,"79,98"
Brothers at War,,"58,98"
Sparrows,,"39,20"
Unborn in the USA: Inside the War on Abortion,,"28,41"
"Mummy, The",,"75,30"
Dr. Jekyll and Mr. Hyde,,"12,92"
Chances Are,,"45,09"
Returner (Ritaanaa),,"13,24"
Pokmon: The First Movie,,"19,85"
Bummer (Bumer),,"19,45"
Me and Earl and the Dying Girl,,"11,49"
Heaven,,"21,88"
Rory O'Shea Was Here (Inside I'm Dancing),,"37,10"
Who Killed the Electric Car?,,"34,60"
Peter & the Wolf,,"12,06"
Rodan (Sora no daikaija Radon),,"82,41"
In Cold Blood,,"51,63"
Authors Anonymous,,"95,75"
"History Boys, The",,"37,70"
Expelled: No Intelligence Allowed,,"80,18"
Road House,,"69,71"
Resident Evil: Afterlife,,"60,17"
Carlos,,"78,35"
De-Lovely,,"42,75"
"Hunting and Gathering (Ensemble, c'est tout)",,"23,47"
"Bamba, La",,"57,88"
Planet B-Boy,,"14,19"
I Don't Want to Be a Man (Ich maechte kein Mann sein),,"75,60"
Damn Yankees!,,"77,44"
"Source, The",,"27,83"
Silent Night,,"48,92"
Gabbeh,,"93,96"
"President's Last Bang, The (Geuddae geusaramdeul)",,"74,78"
Telstar: The Joe Meek Story,,"10,99"
Rembrandt,,"55,94"
I Married A Strange Person!,,"69,56"
With a Song in My Heart,,"79,38"
Terror is a Man,,"19,57"
"Count Yorga, Vampire",,"45,94"
Missionary,,"62,33"
Hippie Masala - Forever in India,,"12,84"
"District, The (Nyacker!)",,"50,64"
Baxter,,"96,03"
Young & Beautiful,,"41,82"
They Call Me Trinity,,"70,47"
Marlowe,,"16,36"
TINY: A Story About Living Small,,"70,64"
Tasting Menu,,"24,39"
American Roulette,,"18,96"
"Organization, The",,"30,56"
"Eye for an Eye, An",,"50,12"
Rid of Me,,"78,82"
"Big Lebowski, The",,"32,44"
Ronal the Barbarian,,"73,94"
Populaire,,"43,94"
Mishen (Target),,"77,14"
Sexual Life,,"94,03"
Magic Magic,,"84,67"
The Puzzle,,"80,72"
"Conspiracy, The",,"39,85"
"When Time Ran Out... (Day the World Ended, The)",,"20,52"
Young Ones,,"49,17"
"Sticky Fingers of Time, The",,"40,06"
Empire of the Wolves (L'empire des loups),,"56,25"
After Porn Ends,,"20,64"
Bush's Brain,,"68,61"
Wyvern,,"78,90"
"Hurricane, The",,"63,12"
Sittin' on a Backyard Fence,,"10,73"
Clerks II,,"15,42"
"Public Eye, The (Follow Me!)",,"82,08"
"Good Marriage, A (Beau mariage, Le)",,"59,56"
Support Your Local Sheriff!,,"44,46"
Broken Kingdom,,"84,26"
Maternal Halfbrothers (Braca po materi),,"39,95"
Madame Butterfly,,"14,23"
In Therapy (Diva),,"11,04"
Halloween II,,"81,14"
"Face of Another, The (Tanin no kao)",,"46,06"
Fritz the Cat,,"98,48"
Monkeybone,,"19,76"
Nanayo (Nanayomachi),,"83,50"
"Slender Thread, The",,"93,09"
Quartier Mozart,,"22,14"
Laurence Anyways,,"55,98"
Boys Don't Cry (Chlopaki nie placza),,"19,23"
Sprung,,"37,76"
Melinda and Melinda,,"77,79"
Deathstalker,,"68,42"
Tales from the Crypt Presents: Demon Knight,,"85,01"
To Each His Own,,"17,15"
"Last Blitzkrieg, The",,"48,70"
Memories of Matsuko (Kiraware Matsuko no issha),,"40,37"
Wasabi,,"86,89"
Norwegian Ninja,,"34,56"
"Day Without a Mexican, A",,"29,55"
Distance,,"41,02"
Josephine,,"51,82"
Disraeli,,"24,29"
"Frisco Kid, The",,"25,94"
A Night in the Show,,"91,97"
Yesterday Girl (Abschied von gestern - Anita G.),,"15,36"
"Claim, The",,"59,88"
Lover Come Back,,"67,88"
Charlie's Country,,"54,90"
"Snake of June, A (Rokugatsu no hebi)",,"98,97"
Killer: A Journal of Murder,,"95,00"
Passed Away,,"91,65"
Rich and Famous,,"25,42"
One-Eyed Monster,,"27,11"
Original Gangstas,,"43,02"
Easy Money,,"21,73"
"Dinner Guest, The (L'invit)",,"14,73"
"Crimson Rivers 2: Angels of the Apocalypse (Rivires pourpres II - Les anges de l'apocalypse, Les)",,"47,74"
Sleepover,,"86,21"
"Hebrew Hammer, The",,"71,63"
If I Were King,,"35,06"
"Golem, The (Golem, wie er in die Welt kam, Der)",,"73,19"
Two Sons of Francisco (2 Filhos de Francisco - A Histaria de Zez di Camargo & Luciano),,"81,88"
Aurora,,"40,26"
Impy's Island,,"24,42"
Juvenile Court,,"25,43"
Parallels,,"43,86"
Happy Times (Xingfu shiguang),,"89,96"
McKenna Shoots for the Stars,,"76,88"
Mr. Destiny,,"77,56"
Dying Young,,"67,22"
"High and the Mighty, The",,"15,43"
Joyful Noise,,"39,80"
His Brother (Son frre),,"78,49"
Caught,,"25,27"
The Runner from Ravenshead,,"60,53"
Wisdom,,"87,75"
Lightnin',,"69,74"
Blood and Roses (Et mourir de plaisir) (To Die with Pleasure),,"91,04"
Coonskin,,"47,03"
Harry Potter and the Order of the Phoenix,,"83,57"
City Under Siege (Chun sing gai bei),,"24,84"
Von Ryan's Express,,"98,57"
12 Years a Slave,,"21,82"
Yesterday's Enemy,,"25,80"
Loch Ness,,"37,01"
Nine Lives,,"28,62"
Yi Yi,,"58,33"
"Gentle Woman, A (Une femme douce)",,"85,07"
Knife in the Water (Naz w wodzie),,"54,77"
Alone in the Dark,,"83,34"
"Kiss Me, Stupid",,"98,94"
My Life,,"59,23"
Comfort and Joy,,"95,23"
"Cat Came Back, The",,"26,53"
"Ranma ½: Big Trouble in Nekonron, China (Ranma ½: Chagoku Nekonron daikessen! Okite yaburi no gekita hen)",,"60,43"
Face to Face (Faccia a faccia),,"61,90"
Tex,,"20,53"
World Trade Center,,"53,15"
Lucky Numbers,,"86,42"
"Football Factory, The",,"79,94"
Cinderella III: A Twist in Time,,"19,76"
Dead Snow 2: Red vs. Dead ,,"73,97"
Don McKay,,"18,05"
Another Thin Man,,"63,36"
Blue State,,"25,07"
"First Nudie Musical, The",,"74,93"
Salut cousin!,,"80,42"
Young Man with a Horn,,"72,49"
Fool for Love,,"54,37"
Lolita,,"76,83"
Shadows in Paradise (Varjoja paratiisissa),,"18,21"
"Kid, The",,"91,63"
"Halloween Tree, The",,"63,40"
Terminal Velocity,,"91,22"
Blind Faith,,"84,76"
"Edge of the World, The",,"67,68"
"Ranma ½: Big Trouble in Nekonron, China (Ranma ½: Chagoku Nekonron daikessen! Okite yaburi no gekita hen)",,"98,43"
Chill Out! (Desconglate!),,"33,85"
200 Cigarettes,,"30,99"
Shallow Hal,,"48,23"
Missile to the Moon,,"27,75"
Bad Santa,,"37,38"
"Brave Little Toaster, The",,"57,59"
Open Hearts (Elsker dig for evigt),,"81,58"
Look Who's Talking Now,,"60,95"
"Mask of Zorro, The",,"42,46"
Barabbas,,"75,45"
Photographing Fairies,,"13,17"
"Myth of the American Sleepover, The",,"65,08"
Chronicle of My Mother (Waga haha no ki),,"62,95"
Detention,,"87,96"
PoliWood,,"56,97"
Dead on Time,,"35,34"
"Beast of War, The (Beast, The)",,"84,61"
"Paperboy, The",,"12,09"
"Big Tease, The",,"14,27"
Men Cry Bullets,,"40,97"
"Man on the Roof, The (Mannen po taket)",,"97,19"
Flame and Citron (Flammen & Citronen),,"73,94"
1911 (Xinhai geming),,"12,04"
Day of the Dead,,"21,32"
Rough Riders,,"93,75"
Nora,,"64,78"
New Best Friend,,"97,28"
"Prophecy, The",,"44,15"
"Cars That Ate Paris, The",,"38,05"
I'm Here,,"62,35"
School of Rock,,"52,46"
Milarepa,,"91,19"
Heroic Cops (Jing wang shuang xiong),,"60,68"
Botched,,"32,37"
Bob the Butler,,"25,41"
Normal Life,,"86,03"
Sweet November,,"98,28"
Diggstown,,"70,07"
Sirens,,"76,24"
"Jerk Theory, The",,"62,75"
Undefeated,,"29,46"
"Story of Louis Past, The",,"74,38"
Relative Strangers,,"17,69"
Snow on Tha Bluff,,"78,78"
My Architect: A Son's Journey,,"81,84"
Weird Woman,,"93,80"
Ironclad,,"82,67"
Scattered Clouds (Midaregumo),,"34,94"
Internes Can't Take Money,,"69,80"
Main Street,,"16,50"
Pigsty (Porcile),,"17,22"
Pardes,,"74,51"
Sixty Six,,"93,61"
JCVD,,"22,59"
Princesas,,"32,79"
Hide and Seek,,"67,18"
Action in the North Atlantic,,"29,42"
Stigmata,,"64,83"
Kumail Nanjiani: Beta Male ,,"30,42"
"Caine Mutiny, The",,"74,02"
West of Zanzibar,,"56,86"
Dara a Briain Talks Funny: Live in London,,"92,60"
Reservation Road,,"47,53"
Mr. Wonderful,,"69,59"
See No Evil,,"92,99"
Skyscraper Souls,,"72,68"
Plankton,,"61,82"
Land,,"94,04"
Under the Yum Yum Tree,,"64,04"
Little Witches,,"85,16"
My Own Man,,"66,61"
Gerontophilia,,"36,50"
Trick or Treat,,"86,36"
"White Cliffs of Dover, The",,"71,54"
Pink Floyd: The Wall,,"35,93"
Demons 2 (Dmoni 2... l'incubo ritorna),,"56,06"
Kagera-za,,"21,80"
$ellebrity (Sellebrity),,"12,98"
J.C. Chvez (a.k.a. Chavez),,"22,27"
Hitler's Madman,,"45,63"
Shadowboxer,,"24,76"
"Raven, The",,"83,41"
"Dog of Flanders, A",,"38,28"
Jungle Holocaust (Ultimo mondo cannibale),,"56,84"
"Mudge Boy, The",,"28,52"
Black Girl (La noire de...),,"11,48"
"Lost Honor of Katharina Blum, The (Verlorene Ehre der Katharina Blum oder: Wie Gewalt entstehen und wohin sie fahren kann, Die)",,"25,28"
Man of Aran,,"73,65"
Kung Fu Panda Holiday Special,,"83,06"
Relative Fear,,"33,19"
Edward II,,"74,98"
Satanas,,"58,34"
"Great Ecstasy of Robert Carmichael, The",,"84,65"
Shakespeare-Wallah,,"34,63"
Sione's Wedding (Samoan Wedding),,"76,19"
"Dark Angel: Ascent, The",,"30,52"
Ministry of Fear,,"30,51"
Zandalee,,"26,41"
Lolita,,"85,06"
Hot to Trot,,"74,54"
"Dirt Bike Kid, The",,"23,61"
Slipstream,,"63,05"
"Three Stooges in Orbit, The",,"71,79"
Moon Child,,"28,06"
"Last Unicorn, The",,"47,38"
Cobra,,"84,39"
"Grand, The",,"89,21"
Here Without Me (Inja bedoone man),,"70,37"
Latitude Zero (Ido zero daisakusen),,"57,33"
Senseless,,"25,52"
"Apartment, The (Appartement, L')",,"71,97"
Journey to the Center of the Earth,,"88,49"
Standing Up,,"38,67"
Patriot Games,,"42,03"
Fire Birds,,"59,59"
Interview with the Assassin,,"58,34"
Yesterday,,"78,89"
Suicide Manual (Jisatsu manyaru),,"62,52"
King Kong,,"63,72"
West (Occident),,"50,30"
"Dawn Patrol, The (Flight Commander)",,"90,87"
In Her Shoes,,"27,32"
"Stoplight Society, The (La Sociedad del Semforo)",,"71,25"
"Group, The",,"50,22"
Battles Without Honor & Humanity (Jingi naki tatakai),,"67,71"
Appleseed (Appurushado),,"22,44"
H6: Diario de un asesino,,"35,94"
"Quest, The",,"93,74"
"Concert, Le",,"43,79"
Pete Seeger: The Power of Song,,"36,10"
"Gentle Breeze in the Village, A (Tennen kokekka) ",,"60,68"
From Paris with Love,,"83,24"
"Marshland (Isla manima, La)",,"89,83"
Pooh's Heffalump Movie,,"13,21"
City of Joy,,"17,14"
I Saw the Devil (Akmareul boatda),,"80,05"
Winter's Tale,,"50,98"
"All the Way Boys (Pian forte, ragazzi!)",,"97,70"
Adam,,"24,87"
The Magic Box,,"97,13"
The Castle of Fu Manchu,,"39,99"
Top Floor Left Wing (Dernier tage gauche gauche),,"16,79"
Days and Nights,,"19,88"
Thirst (Bakjwi),,"11,77"
"Dying Swan, The (Umirayushchii lebed)",,"34,36"
"Great Yokai War, The (Yakai daisensa)",,"88,08"
"Tomorrow, When the War Began",,"34,09"
"Study in Scarlet, A",,"76,95"
Maria (Mariya),,"39,04"
And the Ship Sails On (E la nave va),,"89,99"
Brides of Dracula,,"26,67"
Restless Blood (Levoton veri),,"12,22"
Yentl,,"89,81"
Hot Shots! Part Deux,,"56,92"
Fools Rush In,,"38,79"
Green Dragon,,"36,77"
Two Solutions for One Problem (Dow Rahehal Baraye yek Massaleh),,"25,10"
Starry starry night (Xing kong),,"29,68"
The Wrecking Crew,,"65,74"
Firecreek,,"41,13"
Charleston,,"32,78"
"Expendables 2, The",,"40,95"
Fiorile,,"97,98"
Naan Kadavul,,"93,15"
Sidestreet,,"57,33"
Prisoners of the Lost Universe,,"10,19"
"One-Armed Swordsman, The (Dubei dao)",,"63,65"
Spider,,"91,42"
Leprechaun 3,,"77,08"
One Chance,,"19,85"
Backfire,,"10,94"
Ned Kelly,,"23,76"
"Day After Trinity, The",,"59,47"
Our Summer in Provence,,"26,92"
"Stars Look Down, The",,"35,96"
Flannel Pajamas,,"48,50"
Du cat de la cate,,"45,30"
Soylent Green,,"15,24"
Animals are Beautiful People,,"77,52"
"Sun Also Rises, The (Tai yang zhao chang sheng qi)",,"68,63"
Chain Camera,,"17,62"
Josephine,,"80,82"
Camp de Thiaroye,,"40,38"
8 Million Ways to Die,,"50,57"
"Family Game, The (Kazoku gamu)",,"90,61"
Hunter Prey,,"48,11"
"Big Country, The",,"17,80"
Loser Takes All! (Qui perd gagne !),,"24,31"
Trigun: Badlands Rumble,,"27,66"
"Room with a View, A",,"41,57"
Klown: The Movie (Klovn),,"74,05"
Victory (a.k.a. Escape to Victory),,"36,88"
Red State,,"41,02"
Butterflies Are Free,,"66,36"
At First Sight,,"48,98"
Jeffrey,,"36,85"
Neo Ned,,"17,47"
Murder by Proxy: How America Went Postal,,"98,75"
Christmas Vacation (National Lampoon's Christmas Vacation),,"22,69"
Manhunt,,"15,51"
Guns at Batasi,,"66,00"
Jerichow,,"39,49"
The Death and Life of Bobby Z,,"45,54"
Law and Order,,"59,81"
Miss Firecracker,,"51,64"
"Hello, Friend",,"29,29"
Tales of the Grim Sleeper,,"49,35"
Tinseltown,,"28,12"
Intimate Strangers (Confidences trop intimes),,"88,63"
They Call Me Renegade,,"41,69"
"Sing a Song of Sex (Treatise on Japanese Bawdy Songs, A) (Nihon shunka-ka)",,"35,59"
Holy Wars,,"70,20"
City Slickers,,"92,67"
Godzilla vs. King Ghidorah (Gojira vs. Kingu Gidora),,"66,39"
John Q,,"69,84"
Battle of the Bulge,,"53,95"
Street Mobster (a.k.a. Modern Yakuza: Outlaw Killer) (Gendai yakuza: hito-kiri yota),,"41,23"
"Shape of Things to Come, The",,"96,21"
Elena and Her Men (Paris Does Strange Things) (Elena et les hommes),,"62,33"
"Chocolate Soldier, The",,"96,78"
Even Money,,"21,32"
Butterfly Kiss,,"86,06"
Tammy,,"97,74"
Terms and Conditions May Apply,,"43,78"
Rambo (Rambo 4),,"55,71"
Santa Who?,,"84,16"
Grosse Pointe Blank,,"57,08"
Gunbuster (Top wo Narae),,"39,48"
Diner,,"73,12"
Black Sunday,,"62,47"
Stander,,"59,26"
Indiana Jones and the Temple of Doom,,"30,84"
Midnight Express,,"23,13"
Triple Agent,,"13,75"
Rio Lobo,,"30,45"
